ALTER TABLE books
ADD COLUMN IF NOT EXISTS cover_image_url TEXT;

INSERT INTO publishers(name, address, phone) VALUES
('Pearson', 'London, UK', '+44-111-222'),
('OReilly', 'CA, USA', '+1-333-444'),
('Oxford Press', 'Oxford, UK', '+44-555-666'),
('Addison-Wesley Professional', 'Boston, USA', '+1-617-555-0101'),
('Harper Perennial', 'New York, USA', '+1-212-555-0142'),
('Scribner', 'New York, USA', '+1-212-555-0188'),
('Modern Library', 'New York, USA', '+1-212-555-0137'),
('Basic Books', 'New York, USA', '+1-212-555-0163'),
('Crown Business', 'New York, USA', '+1-212-555-0195'),
('Farrar, Straus and Giroux', 'New York, USA', '+1-212-555-0171'),
('Avery', 'New York, USA', '+1-212-555-0118'),
('Currency', 'New York, USA', '+1-212-555-0126')
ON CONFLICT (name) DO NOTHING;

INSERT INTO authors(full_name) VALUES
('Thomas H. Cormen'),
('Andrew S. Tanenbaum'),
('George Orwell'),
('Yuval Noah Harari'),
('Jared Diamond'),
('Tim Marshall'),
('Karen Armstrong'),
('Huston Smith'),
('E. H. Gombrich'),
('John Berger'),
('Peter Frankopan'),
('Robert C. Martin'),
('Andrew Hunt'),
('David Thomas'),
('Harper Lee'),
('F. Scott Fitzgerald'),
('Marcus Aurelius'),
('Don Norman'),
('Eric Ries'),
('Daniel Kahneman'),
('James Clear'),
('Richard Dawkins'),
('Daron Acemoglu'),
('James A. Robinson')
ON CONFLICT (full_name) DO NOTHING;

INSERT INTO categories(name) VALUES
('Science'),
('Art'),
('Religion'),
('History'),
('Geography'),
('Technology'),
('Literature'),
('Philosophy'),
('Business'),
('Psychology')
ON CONFLICT (name) DO NOTHING;

INSERT INTO books(
  isbn,
  title,
  cover_image_url,
  publication_year,
  selling_price,
  category_id,
  publisher_id,
  stock_qty,
  threshold
) VALUES
(
  '9780061660184',
  'The World''s Religions',
  'https://covers.openlibrary.org/b/isbn/9780061660184-L.jpg?default=false',
  1958,
  500.00,
  (SELECT category_id FROM categories WHERE name = 'Religion'),
  (SELECT publisher_id FROM publishers WHERE name = 'Oxford Press'),
  6,
  3
),
(
  '9780099590088',
  'Sapiens',
  'https://covers.openlibrary.org/b/isbn/9780099590088-L.jpg?default=false',
  2014,
  600.00,
  (SELECT category_id FROM categories WHERE name = 'History'),
  (SELECT publisher_id FROM publishers WHERE name = 'Oxford Press'),
  12,
  6
),
(
  '9780131429383',
  'Operating Systems Design',
  'https://covers.openlibrary.org/b/isbn/9780131429383-L.jpg?default=false',
  2006,
  900.00,
  (SELECT category_id FROM categories WHERE name = 'Science'),
  (SELECT publisher_id FROM publishers WHERE name = 'Pearson'),
  8,
  10
),
(
  '9780140135152',
  'Ways of Seeing',
  'https://covers.openlibrary.org/b/isbn/9780140135152-L.jpg?default=false',
  1972,
  380.00,
  (SELECT category_id FROM categories WHERE name = 'Art'),
  (SELECT publisher_id FROM publishers WHERE name = 'Pearson'),
  10,
  5
),
(
  '9780143036555',
  'A History of God',
  'https://covers.openlibrary.org/b/isbn/9780143036555-L.jpg?default=false',
  1993,
  450.00,
  (SELECT category_id FROM categories WHERE name = 'Religion'),
  (SELECT publisher_id FROM publishers WHERE name = 'Oxford Press'),
  27,
  3
),
(
  '9780241358794',
  'The Power of Geography',
  'https://covers.openlibrary.org/b/isbn/9780241358794-L.jpg?default=false',
  2021,
  520.00,
  (SELECT category_id FROM categories WHERE name = 'Geography'),
  (SELECT publisher_id FROM publishers WHERE name = 'Pearson'),
  8,
  4
),
(
  '9780262033848',
  'Introduction to Algorithms',
  'https://covers.openlibrary.org/b/isbn/9780262033848-L.jpg?default=false',
  2009,
  1500.00,
  (SELECT category_id FROM categories WHERE name = 'Science'),
  (SELECT publisher_id FROM publishers WHERE name = 'Pearson'),
  30,
  10
),
(
  '9780393317558',
  'Guns, Germs, and Steel',
  'https://covers.openlibrary.org/b/isbn/9780393317558-L.jpg?default=false',
  1997,
  550.00,
  (SELECT category_id FROM categories WHERE name = 'History'),
  (SELECT publisher_id FROM publishers WHERE name = 'Pearson'),
  10,
  5
),
(
  '9780451524935',
  '1984',
  'https://covers.openlibrary.org/b/isbn/9780451524935-L.jpg?default=false',
  1949,
  250.00,
  (SELECT category_id FROM categories WHERE name = 'Art'),
  (SELECT publisher_id FROM publishers WHERE name = 'OReilly'),
  50,
  5
),
(
  '9780714832470',
  'The Story of Art',
  'https://covers.openlibrary.org/b/isbn/9780714832470-L.jpg?default=false',
  1950,
  700.00,
  (SELECT category_id FROM categories WHERE name = 'Art'),
  (SELECT publisher_id FROM publishers WHERE name = 'Oxford Press'),
  8,
  4
),
(
  '9781101912379',
  'The Silk Roads',
  'https://covers.openlibrary.org/b/isbn/9781101912379-L.jpg?default=false',
  2015,
  620.00,
  (SELECT category_id FROM categories WHERE name = 'History'),
  (SELECT publisher_id FROM publishers WHERE name = 'Oxford Press'),
  7,
  4
),
(
  '9781783962433',
  'Prisoners of Geography',
  'https://covers.openlibrary.org/b/isbn/9781783962433-L.jpg?default=false',
  2015,
  480.00,
  (SELECT category_id FROM categories WHERE name = 'Geography'),
  (SELECT publisher_id FROM publishers WHERE name = 'Pearson'),
  22,
  4
),
(
  '9780132350884',
  'Clean Code',
  'https://covers.openlibrary.org/b/isbn/9780132350884-L.jpg?default=false',
  2008,
  980.00,
  (SELECT category_id FROM categories WHERE name = 'Technology'),
  (SELECT publisher_id FROM publishers WHERE name = 'Pearson'),
  18,
  6
),
(
  '9780135957059',
  'The Pragmatic Programmer',
  'https://covers.openlibrary.org/b/isbn/9780135957059-L.jpg?default=false',
  2019,
  1050.00,
  (SELECT category_id FROM categories WHERE name = 'Technology'),
  (SELECT publisher_id FROM publishers WHERE name = 'Addison-Wesley Professional'),
  14,
  5
),
(
  '9780061120084',
  'To Kill a Mockingbird',
  'https://covers.openlibrary.org/b/isbn/9780061120084-L.jpg?default=false',
  2006,
  410.00,
  (SELECT category_id FROM categories WHERE name = 'Literature'),
  (SELECT publisher_id FROM publishers WHERE name = 'Harper Perennial'),
  22,
  6
),
(
  '9780743273565',
  'The Great Gatsby',
  'https://covers.openlibrary.org/b/isbn/9780743273565-L.jpg?default=false',
  2004,
  360.00,
  (SELECT category_id FROM categories WHERE name = 'Literature'),
  (SELECT publisher_id FROM publishers WHERE name = 'Scribner'),
  18,
  5
),
(
  '9780812968255',
  'Meditations',
  'https://covers.openlibrary.org/b/isbn/9780812968255-L.jpg?default=false',
  2002,
  390.00,
  (SELECT category_id FROM categories WHERE name = 'Philosophy'),
  (SELECT publisher_id FROM publishers WHERE name = 'Modern Library'),
  15,
  5
),
(
  '9780465050659',
  'The Design of Everyday Things',
  'https://covers.openlibrary.org/b/isbn/9780465050659-L.jpg?default=false',
  2013,
  760.00,
  (SELECT category_id FROM categories WHERE name = 'Art'),
  (SELECT publisher_id FROM publishers WHERE name = 'Basic Books'),
  12,
  4
),
(
  '9780307887894',
  'The Lean Startup',
  'https://covers.openlibrary.org/b/isbn/9780307887894-L.jpg?default=false',
  2011,
  690.00,
  (SELECT category_id FROM categories WHERE name = 'Business'),
  (SELECT publisher_id FROM publishers WHERE name = 'Crown Business'),
  16,
  5
),
(
  '9780062464316',
  'Homo Deus',
  'https://covers.openlibrary.org/b/isbn/9780062464316-L.jpg?default=false',
  2017,
  640.00,
  (SELECT category_id FROM categories WHERE name = 'History'),
  (SELECT publisher_id FROM publishers WHERE name = 'Harper Perennial'),
  13,
  4
),
(
  '9780374533557',
  'Thinking, Fast and Slow',
  'https://covers.openlibrary.org/b/isbn/9780374533557-L.jpg?default=false',
  2013,
  580.00,
  (SELECT category_id FROM categories WHERE name = 'Psychology'),
  (SELECT publisher_id FROM publishers WHERE name = 'Farrar, Straus and Giroux'),
  19,
  6
),
(
  '9780735211292',
  'Atomic Habits',
  'https://covers.openlibrary.org/b/isbn/9780735211292-L.jpg?default=false',
  2018,
  560.00,
  (SELECT category_id FROM categories WHERE name = 'Psychology'),
  (SELECT publisher_id FROM publishers WHERE name = 'Avery'),
  21,
  6
),
(
  '9780198788607',
  'The Selfish Gene',
  'https://covers.openlibrary.org/b/isbn/9780198788607-L.jpg?default=false',
  2016,
  620.00,
  (SELECT category_id FROM categories WHERE name = 'Science'),
  (SELECT publisher_id FROM publishers WHERE name = 'Oxford Press'),
  11,
  4
),
(
  '9780307719218',
  'Why Nations Fail',
  'https://covers.openlibrary.org/b/isbn/9780307719218-L.jpg?default=false',
  2012,
  710.00,
  (SELECT category_id FROM categories WHERE name = 'History'),
  (SELECT publisher_id FROM publishers WHERE name = 'Currency'),
  9,
  3
)
ON CONFLICT (isbn) DO UPDATE SET
  title = EXCLUDED.title,
  cover_image_url = EXCLUDED.cover_image_url,
  publication_year = EXCLUDED.publication_year,
  selling_price = EXCLUDED.selling_price,
  category_id = EXCLUDED.category_id,
  publisher_id = EXCLUDED.publisher_id,
  stock_qty = EXCLUDED.stock_qty,
  threshold = EXCLUDED.threshold;

INSERT INTO book_authors(isbn, author_id) VALUES
('9780061660184', (SELECT author_id FROM authors WHERE full_name = 'Huston Smith')),
('9780099590088', (SELECT author_id FROM authors WHERE full_name = 'Yuval Noah Harari')),
('9780131429383', (SELECT author_id FROM authors WHERE full_name = 'Andrew S. Tanenbaum')),
('9780140135152', (SELECT author_id FROM authors WHERE full_name = 'John Berger')),
('9780143036555', (SELECT author_id FROM authors WHERE full_name = 'Karen Armstrong')),
('9780241358794', (SELECT author_id FROM authors WHERE full_name = 'Tim Marshall')),
('9780262033848', (SELECT author_id FROM authors WHERE full_name = 'Thomas H. Cormen')),
('9780393317558', (SELECT author_id FROM authors WHERE full_name = 'Jared Diamond')),
('9780451524935', (SELECT author_id FROM authors WHERE full_name = 'George Orwell')),
('9780714832470', (SELECT author_id FROM authors WHERE full_name = 'E. H. Gombrich')),
('9781101912379', (SELECT author_id FROM authors WHERE full_name = 'Peter Frankopan')),
('9781783962433', (SELECT author_id FROM authors WHERE full_name = 'Tim Marshall')),
('9780132350884', (SELECT author_id FROM authors WHERE full_name = 'Robert C. Martin')),
('9780135957059', (SELECT author_id FROM authors WHERE full_name = 'Andrew Hunt')),
('9780135957059', (SELECT author_id FROM authors WHERE full_name = 'David Thomas')),
('9780061120084', (SELECT author_id FROM authors WHERE full_name = 'Harper Lee')),
('9780743273565', (SELECT author_id FROM authors WHERE full_name = 'F. Scott Fitzgerald')),
('9780812968255', (SELECT author_id FROM authors WHERE full_name = 'Marcus Aurelius')),
('9780465050659', (SELECT author_id FROM authors WHERE full_name = 'Don Norman')),
('9780307887894', (SELECT author_id FROM authors WHERE full_name = 'Eric Ries')),
('9780062464316', (SELECT author_id FROM authors WHERE full_name = 'Yuval Noah Harari')),
('9780374533557', (SELECT author_id FROM authors WHERE full_name = 'Daniel Kahneman')),
('9780735211292', (SELECT author_id FROM authors WHERE full_name = 'James Clear')),
('9780198788607', (SELECT author_id FROM authors WHERE full_name = 'Richard Dawkins')),
('9780307719218', (SELECT author_id FROM authors WHERE full_name = 'Daron Acemoglu')),
('9780307719218', (SELECT author_id FROM authors WHERE full_name = 'James A. Robinson'))
ON CONFLICT DO NOTHING;
